1,['127.0.0.1']
7,['127.0.0.1']
7,"['127.0.0.3', '127.0.0.3', '127.0.0.3', '127.0.0.3', '127.0.0.3']"
8,['127.0.0.1']
13,"['127.0.0.3', '127.0.0.3']"
25,"['127.0.0.3', '127.0.0.3']"
30,"['127.0.0.3', '127.0.0.3', '127.0.0.3', '127.0.0.3', '127.0.0.3']"
35,"['127.0.0.3', '127.0.0.3', '127.0.0.3', '127.0.0.3', '127.0.0.3']"
40,"['127.0.0.2', '127.0.0.2', '127.0.0.2', '127.0.0.2', '127.0.0.2', '127.0.0.2', '127.0.0.2', '127.0.0.2', '127.0.0.2', '127.0.0.2']"
42,"['127.0.0.3', '127.0.0.3', '127.0.0.3', '127.0.0.3', '127.0.0.3', '127.0.0.3', '127.0.0.3', '127.0.0.3']"
48,['127.0.0.1']
48,"['127.0.0.3', '127.0.0.3', '127.0.0.3']"
53,"['127.0.0.3', '127.0.0.3', '127.0.0.3', '127.0.0.3', '127.0.0.3']"
59,"['127.0.0.3', '127.0.0.3', '127.0.0.3', '127.0.0.3', '127.0.0.3']"
61,['127.0.0.1']
63,['127.0.0.1']
64,"['127.0.0.3', '127.0.0.3', '127.0.0.3', '127.0.0.3']"
64,['127.0.0.1']
67,['127.0.0.1']
68,['127.0.0.1']
71,"['127.0.0.3', '127.0.0.3', '127.0.0.3', '127.0.0.3', '127.0.0.3']"
80,"['127.0.0.3', '127.0.0.3', '127.0.0.3', '127.0.0.3']"
84,"['127.0.0.2', '127.0.0.2', '127.0.0.2', '127.0.0.2', '127.0.0.2', '127.0.0.2', '127.0.0.2', '127.0.0.2', '127.0.0.2', '127.0.0.2']"
85,"['127.0.0.3', '127.0.0.3', '127.0.0.3', '127.0.0.3', '127.0.0.3', '127.0.0.3']"
93,"['127.0.0.3', '127.0.0.3', '127.0.0.3', '127.0.0.3', '127.0.0.3']"
95,['127.0.0.1']
98,"['127.0.0.3', '127.0.0.3', '127.0.0.3']"
